,oneway,off,bdir,trad,unit,sbt,sds,sice,sin,snl,stot
wc,140.8122710016,24.246155059199992,165.0584260608,116.5661159424,213.75726698496,-0.25081413,-656.99968155648,0.0,1039.4720570572802,-174.67445157888,207.54709807104
ec,37.77459560448,44.471633264640005,82.24622886912,-6.69702532608,112.97421656064,-26.84110420992,-865.3993829990401,0.0,1334.8596921139201,-207.67210733568,234.94707290112
hi,105.22884489216,40.50696658944,145.7358114816,64.72188727296,204.98767331328,-0.0004160492878125,-312.09215950848,0.0,526.9506131558401,-110.8722561024,103.98570418176
ak,338.27768942592,192.61272489984003,530.89041432576,145.6649465856,719.74887849984,-66.7319924736,-5234.09973313536,0.0,8032.2743894016,-1219.05547247616,1512.4438922035201
gm,4.219390656,6.42594523392,10.64533588992,-2.2065554188800003,14.383727139840001,-15.97534373376,-239.0395834368,0.0,380.04675084288,-68.24632147968,56.785530224640006
prusvi,2.47657506048,0.24988257407999992,2.72645763456,2.22669206592,3.60858655104,-0.02699095503,-54.75532271616,0.0,102.35866411008,-20.635700736,26.940646963200003
total,628.7893666406401,308.51330762112,937.3026742617601,320.27606112192007,1269.4603490496002,-109.82666155159781,-7362.3858633523205,0.0,11415.962166681598,-1801.1563097088,2142.64994454528
