,bdir,off,oneway,trad,unit,sbt,sds,sice,sin,snl,stot
ak,1648.0318685184,609.3898815897599,1038.64198692864,429.25232062464,2863.7153918976,-11.19832539648,-4447.9501959168,0.0,6544.19223379968,-1127.13498329088,957.9143479296
ec,211.97010812928002,105.85829560320002,106.11181252608,0.25350921408,347.68104849408,-3.95268832128,-794.4712647475201,0.0,1162.42548621312,-194.07164473344,169.92994811904
gm,27.6888771072,14.826799810559999,12.86207729664,-1.96472461632,43.718509854720004,-0.9524483097600001,-236.56279252992002,0.0,362.22252515328,-69.33310193664,55.374224424960005
hi,655.7076799488,367.62122821632,288.08645173248,-79.5348123648,1159.13807265792,-8.9609735625e-05,-180.11052466176,0.0,253.44157286400002,-65.77445074944,7.556554283520001
prusvi,7.50149158656,1.72249800192,5.77899358464,4.05649474176,12.731744194560001,-0.006455840227500001,-48.63940859904,0.0,79.70724728832,-20.3947152384,10.66665702912
total,3026.85521873664,1159.85433174528,1867.00088699136,707.1467598796801,5180.689879142401,-16.14571539682312,-6171.29562986496,0.0,9086.11030339584,-1611.0191423078404,1287.6555964799998
wc,475.9551934464,60.435628523519995,415.51956492288,355.08397228032004,753.70511204352,-0.03570791934,-463.56144340992,0.0,684.12123807744,-134.31024635904,86.21386469376
