,length,oneway,off,bdir,trad,unit,area,sbt,sds,sice,sin,snl,stot
wc,1994474.0,415.51956492288,60.435628523519995,475.9551934464,355.08397228032004,753.70511204352,815923068928.0,-0.03570791934,-485.87193729024,0.0,715.1706115276801,-141.13397071872,88.12901093376
ec,1908679.5,106.11181252608,105.85829560320002,211.97010812928002,0.25350921408,347.68104849408,890959429632.0,-3.95268832128,-832.66137980928,0.0,1217.2810872422401,-203.64626362368,177.02070755328
hi,4354267.0,367.62121027584004,288.08646967295994,655.7076799488,79.5348123648,1159.13807265792,895672909824.0,-8.9609735625e-05,-193.18612058112,0.0,271.20508796928,-70.59673964544,7.4222081203200005
ak,5543553.0,1038.64198692864,609.3898815897599,1648.0318685184,429.25232062464,2863.7153918976,3208809021440.0,-11.19832539648,-4634.05870743552,0.0,6806.85004652544,-1175.7644483788802,985.83310761984
gm,914020.3125,12.86207729664,14.826799810559999,27.6888771072,-1.96472461632,43.718509854720004,693228273664.0,-0.9524483097600001,-238.85829488640002,0.0,365.64395409408,-70.06085750784,55.77239095296
prusvi,102083.265625,5.77899358464,1.72249800192,7.50149158656,4.05649474176,12.731744194560001,210565857280.0,-0.006455840227500001,-49.127860592640005,0.0,80.42446282752,-20.57935193088,10.710778275840001
total,5543553.0,1946.53564553472,1080.3195732019199,3026.85521873664,866.2163846092801,5180.689879142401,3208809021440.0,-16.14571539682312,-6433.7643005951995,0.0,9456.575250186237,-1681.7816318054402,1324.888203456
