,oneway,off,bdir,trad,unit,sbt,sds,sice,sin,snl,stot
wc,140.8122710016,24.246155059199992,165.0584260608,116.5661159424,213.75726698496,-0.25081413,-638.6412601344,0.0,996.50274164736,-168.8314884096,188.77920313344
ec,37.77459560448,44.471633264640005,82.24622886912,-6.69702532608,112.97421656064,-26.84110420992,-838.6095818342401,0.0,1275.76820023296,-199.84236158976,210.47496646656
hi,105.22884489216,40.50696658944,145.7358114816,64.72188727296,204.98767331328,-0.0004160492878125,-299.8384349184,0.0,493.59434514432,-105.62902523904,88.12649029632
ak,338.27768942592,192.61272489984003,530.89041432576,145.6649465856,719.74887849984,-66.7319924736,-5100.0163172352,0.0,7732.85323210752,-1181.1038940364801,1385.0584468684801
gm,4.219390656,6.42594523392,10.64533588992,-2.2065554188800003,14.383727139840001,-15.97534373376,-237.60235364352002,0.0,376.54606086144,-67.71298240512,55.255355289600004
prusvi,2.47657506048,0.24988257407999992,2.72645763456,2.22669206592,3.60858655104,-0.02699095503,-54.34444535808,0.0,101.30367418368,-20.47817883648,26.45405405184
total,628.7893666406401,308.51330762112,937.3026742617601,320.27606112192007,1269.4603490496002,-109.82666155159781,-7169.05239312384,0.0,10976.56825417728,-1743.5979305164803,1954.1485161062403
